{
"AWSTemplateFormatVersion": "2010-09-09",
    "Description": "Creating Maintenance Windows",
    "Parameters": {
        "CronSchedule": {
            "Description": "The cron schedule. See: https://docs.aws.amazon.com/systems-manager/latest/userguide/reference-cron-and-rate-expressions.html",
            "Type": "String",
            "Default": "cron(00 19 ? * THU#2 *)"
          }
    },
    "Resources": {
        "MaintenanceWindow": {
            "Type" : "AWS::SSM::MaintenanceWindow",
            "Properties" : {
                "Name" : "intl-WEM-Maintenance-2thu-1900",
                "Description" : "WEM Patching Maintenance Window",
                "AllowUnassociatedTargets" : false,
                "Schedule" : {"Ref": "CronSchedule"},
                "Duration" : 4,
                "Cutoff" : 1,
                "ScheduleTimezone" : "UTC"
            }
        },
        "MaintenanceWindowTarget": {
            "Type" : "AWS::SSM::MaintenanceWindowTarget",
            "Properties" : {
                "WindowId" : {"Ref": "MaintenanceWindow"},
                "ResourceType" : "INSTANCE",
                "Targets" : [ {"Key": "tag:intl_maintenance_window", "Values":["2thu-1900"]} ]
            }
        },
        "MaintenanceWindowTask": {
            "Type" : "AWS::SSM::MaintenanceWindowTask",
            "Properties" : {
              "MaxErrors" : "5",
              "Description" : "Intl WEM SSM Agent update task",
              "ServiceRoleArn" : {"Fn::Join": ["", ["arn:aws:iam::",{"Ref":"AWS::AccountId"}, ":role/aws-service-role/ssm.amazonaws.com/AWSServiceRoleForAmazonSSM"]]} ,
              "Priority" : 0,
              "MaxConcurrency" : 10,
              "Targets" : [ {"Key": "WindowTargetIds", "Values":[{"Ref": "MaintenanceWindowTarget"}]} ],
              "Name" : "intl-WEM-ssm-agent-update-task",
              "TaskArn" : "AWS-UpdateSSMAgent",
              "WindowId" : {"Ref": "MaintenanceWindow"},
              "TaskType" : "RUN_COMMAND"
            }
        },
        "MaintenanceWindowTask2": {
            "Type" : "AWS::SSM::MaintenanceWindowTask",
            "Properties" : {
              "MaxErrors" : "5",
              "Description" : "Intl WEM patching task",
              "ServiceRoleArn" : {"Fn::Join": ["", ["arn:aws:iam::",{"Ref":"AWS::AccountId"}, ":role/aws-service-role/ssm.amazonaws.com/AWSServiceRoleForAmazonSSM"]]} ,
              "Priority" : 1,
              "MaxConcurrency" : 10,
              "Targets" : [ {"Key": "WindowTargetIds", "Values":[{"Ref": "MaintenanceWindowTarget"}]} ],
              "Name" : "intl-WEM-patch-task",
              "TaskArn" : "AWS-RunPatchBaseline",
              "WindowId" : {"Ref": "MaintenanceWindow"},
              "TaskParameters" : {"Operation": {"Values": ["Install"]}},
              "TaskType" : "RUN_COMMAND"
            }
        }
    },
    "Outputs": {

    }
}

