{
"AppName": "GestionDocumental",
"AppEnv": "nonprod",
"AppRegion": "emea",
"AppCountry": "es",
"TrouxId": "5860E891-1F08-44AC-85EB-98A7DF3CC366",
"AppSupport": "a.gil@libertyseguros.es",
"ELBListenPort01": 80,
"ELBProtocol": "HTTP",
"ELBSubnet01": "subnet-00415fb23ffd63727",
"ELBSubnet02": "subnet-0b38391fc799be56b",
"EC2Target01": "i-0c22d99409802c4d0",
"SOAHost": "uatsoa.libertyqa.pt",
"ServicePath": "/b2b/httpreceiver",
"ELBSecurityGroup01": "sg-00bc0f0eb439097a2",
"ELBSecurityGroup02": "sg-09662927746d746e1",
"ELBName": "intl-es-GD-alb-nonprod"
}